timestamp,server_id,device_id,connection,slave_id,point_name,address,register,unit,value
2025-09-29T15:18:08.237865+08:00,plc_server_2,device_004,0.0.0.0:1503,1,temperature,1,holding,,25
2025-09-29T15:18:08.237862+08:00,plc_server_2,device_005,0.0.0.0:1503,1,temperature,1,holding,,25
2025-09-29T15:18:08.237868+08:00,plc_server_1,device_001,0.0.0.0:1502,1,temperature,1,holding,,25
2025-09-29T15:18:08.237957+08:00,plc_server_2,device_004,0.0.0.0:1503,1,humidity,0,input,,56
2025-09-29T15:18:08.23799+08:00,plc_server_2,device_005,0.0.0.0:1503,1,humidity,0,input,,56
2025-09-29T15:18:08.237991+08:00,plc_server_1,device_001,0.0.0.0:1502,1,humidity,0,input,,56
2025-09-29T15:18:08.238049+08:00,plc_server_2,device_004,0.0.0.0:1503,1,pump,5,coil,,1
2025-09-29T15:18:08.238073+08:00,plc_server_2,device_005,0.0.0.0:1503,1,pump,5,coil,,1
2025-09-29T15:18:08.238094+08:00,plc_server_1,device_001,0.0.0.0:1502,1,pump,5,coil,,1
2025-09-29T15:18:08.238149+08:00,plc_server_2,device_005,0.0.0.0:1503,1,alarm,2,discrete,,0
2025-09-29T15:18:08.238119+08:00,plc_server_2,device_004,0.0.0.0:1503,1,alarm,2,discrete,,0
2025-09-29T15:18:08.238199+08:00,plc_server_1,device_001,0.0.0.0:1502,1,alarm,2,discrete,,0
2025-09-29T15:18:13.238076+08:00,plc_server_1,device_001,0.0.0.0:1502,1,temperature,1,holding,,21
2025-09-29T15:18:13.238166+08:00,plc_server_2,device_004,0.0.0.0:1503,1,temperature,1,holding,,22
2025-09-29T15:18:13.238128+08:00,plc_server_2,device_005,0.0.0.0:1503,1,temperature,1,holding,,22
2025-09-29T15:18:13.238287+08:00,plc_server_1,device_001,0.0.0.0:1502,1,humidity,0,input,,55
2025-09-29T15:18:13.238323+08:00,plc_server_2,device_004,0.0.0.0:1503,1,humidity,0,input,,58
2025-09-29T15:18:13.238393+08:00,plc_server_1,device_001,0.0.0.0:1502,1,pump,5,coil,,0
2025-09-29T15:18:13.238366+08:00,plc_server_2,device_005,0.0.0.0:1503,1,humidity,0,input,,58
2025-09-29T15:18:13.23846+08:00,plc_server_2,device_004,0.0.0.0:1503,1,pump,5,coil,,1
2025-09-29T15:18:13.238572+08:00,plc_server_2,device_004,0.0.0.0:1503,1,alarm,2,discrete,,0
2025-09-29T15:18:13.238482+08:00,plc_server_1,device_001,0.0.0.0:1502,1,alarm,2,discrete,,0
2025-09-29T15:18:13.238483+08:00,plc_server_2,device_005,0.0.0.0:1503,1,pump,5,coil,,1
2025-09-29T15:18:13.238642+08:00,plc_server_2,device_005,0.0.0.0:1503,1,alarm,2,discrete,,0
2025-09-29T15:18:18.238929+08:00,plc_server_1,device_001,0.0.0.0:1502,1,temperature,1,holding,,22
2025-09-29T15:18:18.238953+08:00,plc_server_2,device_005,0.0.0.0:1503,1,temperature,1,holding,,24
2025-09-29T15:18:18.238976+08:00,plc_server_2,device_004,0.0.0.0:1503,1,temperature,1,holding,,24
2025-09-29T15:18:18.239053+08:00,plc_server_1,device_001,0.0.0.0:1502,1,humidity,0,input,,58
2025-09-29T15:18:18.239086+08:00,plc_server_2,device_005,0.0.0.0:1503,1,humidity,0,input,,57
2025-09-29T15:18:18.239086+08:00,plc_server_2,device_004,0.0.0.0:1503,1,humidity,0,input,,57
2025-09-29T15:18:18.239134+08:00,plc_server_1,device_001,0.0.0.0:1502,1,pump,5,coil,,1
2025-09-29T15:18:18.239175+08:00,plc_server_2,device_005,0.0.0.0:1503,1,pump,5,coil,,0
2025-09-29T15:18:18.239194+08:00,plc_server_2,device_004,0.0.0.0:1503,1,pump,5,coil,,0
2025-09-29T15:18:18.239225+08:00,plc_server_1,device_001,0.0.0.0:1502,1,alarm,2,discrete,,0
2025-09-29T15:18:18.239285+08:00,plc_server_2,device_004,0.0.0.0:1503,1,alarm,2,discrete,,0
2025-09-29T15:18:18.239254+08:00,plc_server_2,device_005,0.0.0.0:1503,1,alarm,2,discrete,,0
2025-09-29T15:18:23.238372+08:00,plc_server_1,device_001,0.0.0.0:1502,1,temperature,1,holding,,23
2025-09-29T15:18:23.23839+08:00,plc_server_2,device_005,0.0.0.0:1503,1,temperature,1,holding,,25
2025-09-29T15:18:23.23847+08:00,plc_server_2,device_004,0.0.0.0:1503,1,temperature,1,holding,,25
2025-09-29T15:18:23.238617+08:00,plc_server_1,device_001,0.0.0.0:1502,1,humidity,0,input,,60
2025-09-29T15:18:23.238612+08:00,plc_server_2,device_005,0.0.0.0:1503,1,humidity,0,input,,56
2025-09-29T15:18:23.238644+08:00,plc_server_2,device_004,0.0.0.0:1503,1,humidity,0,input,,56
2025-09-29T15:18:23.23876+08:00,plc_server_1,device_001,0.0.0.0:1502,1,pump,5,coil,,1
2025-09-29T15:18:23.238795+08:00,plc_server_2,device_005,0.0.0.0:1503,1,pump,5,coil,,1
2025-09-29T15:18:23.238801+08:00,plc_server_2,device_004,0.0.0.0:1503,1,pump,5,coil,,1
2025-09-29T15:18:23.238888+08:00,plc_server_1,device_001,0.0.0.0:1502,1,alarm,2,discrete,,1
2025-09-29T15:18:23.238925+08:00,plc_server_2,device_005,0.0.0.0:1503,1,alarm,2,discrete,,0
2025-09-29T15:18:23.238939+08:00,plc_server_2,device_004,0.0.0.0:1503,1,alarm,2,discrete,,0
2025-09-29T15:18:28.238292+08:00,plc_server_1,device_001,0.0.0.0:1502,1,temperature,1,holding,,24
2025-09-29T15:18:28.238315+08:00,plc_server_2,device_004,0.0.0.0:1503,1,temperature,1,holding,,22
2025-09-29T15:18:28.238356+08:00,plc_server_2,device_005,0.0.0.0:1503,1,temperature,1,holding,,22
2025-09-29T15:18:28.23854+08:00,plc_server_2,device_005,0.0.0.0:1503,1,humidity,0,input,,58
2025-09-29T15:18:28.238524+08:00,plc_server_2,device_004,0.0.0.0:1503,1,humidity,0,input,,58
2025-09-29T15:18:28.238523+08:00,plc_server_1,device_001,0.0.0.0:1502,1,humidity,0,input,,57
2025-09-29T15:18:28.23873+08:00,plc_server_1,device_001,0.0.0.0:1502,1,pump,5,coil,,0
2025-09-29T15:18:28.238717+08:00,plc_server_2,device_004,0.0.0.0:1503,1,pump,5,coil,,1
2025-09-29T15:18:28.238696+08:00,plc_server_2,device_005,0.0.0.0:1503,1,pump,5,coil,,1
2025-09-29T15:18:28.238879+08:00,plc_server_2,device_004,0.0.0.0:1503,1,alarm,2,discrete,,0
2025-09-29T15:18:28.238881+08:00,plc_server_1,device_001,0.0.0.0:1502,1,alarm,2,discrete,,0
2025-09-29T15:18:28.23888+08:00,plc_server_2,device_005,0.0.0.0:1503,1,alarm,2,discrete,,0
2025-09-29T15:18:33.238596+08:00,plc_server_2,device_004,0.0.0.0:1503,1,temperature,1,holding,,24
2025-09-29T15:18:33.238572+08:00,plc_server_2,device_005,0.0.0.0:1503,1,temperature,1,holding,,24
2025-09-29T15:18:33.238663+08:00,plc_server_1,device_001,0.0.0.0:1502,1,temperature,1,holding,,25
2025-09-29T15:18:33.238847+08:00,plc_server_1,device_001,0.0.0.0:1502,1,humidity,0,input,,56
2025-09-29T15:18:33.238826+08:00,plc_server_2,device_004,0.0.0.0:1503,1,humidity,0,input,,57
2025-09-29T15:18:33.238826+08:00,plc_server_2,device_005,0.0.0.0:1503,1,humidity,0,input,,57
2025-09-29T15:18:33.238972+08:00,plc_server_1,device_001,0.0.0.0:1502,1,pump,5,coil,,1
2025-09-29T15:18:33.239002+08:00,plc_server_2,device_004,0.0.0.0:1503,1,pump,5,coil,,0
2025-09-29T15:18:33.239016+08:00,plc_server_2,device_005,0.0.0.0:1503,1,pump,5,coil,,0
2025-09-29T15:18:33.239104+08:00,plc_server_1,device_001,0.0.0.0:1502,1,alarm,2,discrete,,0
2025-09-29T15:18:33.239147+08:00,plc_server_2,device_004,0.0.0.0:1503,1,alarm,2,discrete,,0
2025-09-29T15:18:33.239158+08:00,plc_server_2,device_005,0.0.0.0:1503,1,alarm,2,discrete,,0
2025-09-29T15:18:38.238436+08:00,plc_server_2,device_005,0.0.0.0:1503,1,temperature,1,holding,,25
2025-09-29T15:18:38.238408+08:00,plc_server_2,device_004,0.0.0.0:1503,1,temperature,1,holding,,25
2025-09-29T15:18:38.238431+08:00,plc_server_1,device_001,0.0.0.0:1502,1,temperature,1,holding,,21
2025-09-29T15:18:38.23862+08:00,plc_server_2,device_005,0.0.0.0:1503,1,humidity,0,input,,56
2025-09-29T15:18:38.238655+08:00,plc_server_2,device_004,0.0.0.0:1503,1,humidity,0,input,,56
2025-09-29T15:18:38.238707+08:00,plc_server_2,device_005,0.0.0.0:1503,1,pump,5,coil,,1
2025-09-29T15:18:38.238671+08:00,plc_server_1,device_001,0.0.0.0:1502,1,humidity,0,input,,55
2025-09-29T15:18:38.238783+08:00,plc_server_2,device_005,0.0.0.0:1503,1,alarm,2,discrete,,0
2025-09-29T15:18:38.238761+08:00,plc_server_2,device_004,0.0.0.0:1503,1,pump,5,coil,,1
2025-09-29T15:18:38.238819+08:00,plc_server_1,device_001,0.0.0.0:1502,1,pump,5,coil,,0
2025-09-29T15:18:38.238902+08:00,plc_server_2,device_004,0.0.0.0:1503,1,alarm,2,discrete,,0
2025-09-29T15:18:38.238909+08:00,plc_server_1,device_001,0.0.0.0:1502,1,alarm,2,discrete,,0
2025-09-29T15:18:43.238345+08:00,plc_server_1,device_001,0.0.0.0:1502,1,temperature,1,holding,,22
2025-09-29T15:18:43.238327+08:00,plc_server_2,device_004,0.0.0.0:1503,1,temperature,1,holding,,22
2025-09-29T15:18:43.238366+08:00,plc_server_2,device_005,0.0.0.0:1503,1,temperature,1,holding,,22
2025-09-29T15:18:43.238483+08:00,plc_server_2,device_005,0.0.0.0:1503,1,humidity,0,input,,58
2025-09-29T15:18:43.238479+08:00,plc_server_2,device_004,0.0.0.0:1503,1,humidity,0,input,,58
2025-09-29T15:18:43.238469+08:00,plc_server_1,device_001,0.0.0.0:1502,1,humidity,0,input,,58
2025-09-29T15:18:43.238573+08:00,plc_server_2,device_004,0.0.0.0:1503,1,pump,5,coil,,1
2025-09-29T15:18:43.238567+08:00,plc_server_2,device_005,0.0.0.0:1503,1,pump,5,coil,,1
2025-09-29T15:18:43.238595+08:00,plc_server_1,device_001,0.0.0.0:1502,1,pump,5,coil,,1
2025-09-29T15:18:43.238647+08:00,plc_server_2,device_004,0.0.0.0:1503,1,alarm,2,discrete,,0
2025-09-29T15:18:43.238655+08:00,plc_server_2,device_005,0.0.0.0:1503,1,alarm,2,discrete,,0
2025-09-29T15:18:43.238683+08:00,plc_server_1,device_001,0.0.0.0:1502,1,alarm,2,discrete,,0
2025-09-29T15:18:48.238504+08:00,plc_server_2,device_005,0.0.0.0:1503,1,temperature,1,holding,,24
2025-09-29T15:18:48.23859+08:00,plc_server_2,device_004,0.0.0.0:1503,1,temperature,1,holding,,24
2025-09-29T15:18:48.238564+08:00,plc_server_1,device_001,0.0.0.0:1502,1,temperature,1,holding,,23
2025-09-29T15:18:48.238717+08:00,plc_server_2,device_005,0.0.0.0:1503,1,humidity,0,input,,57
2025-09-29T15:18:48.23877+08:00,plc_server_1,device_001,0.0.0.0:1502,1,humidity,0,input,,60
2025-09-29T15:18:48.238762+08:00,plc_server_2,device_004,0.0.0.0:1503,1,humidity,0,input,,57
2025-09-29T15:18:48.238855+08:00,plc_server_2,device_005,0.0.0.0:1503,1,pump,5,coil,,0
2025-09-29T15:18:48.238911+08:00,plc_server_2,device_004,0.0.0.0:1503,1,pump,5,coil,,0
2025-09-29T15:18:48.238991+08:00,plc_server_2,device_005,0.0.0.0:1503,1,alarm,2,discrete,,0
2025-09-29T15:18:48.238899+08:00,plc_server_1,device_001,0.0.0.0:1502,1,pump,5,coil,,1
2025-09-29T15:18:48.239029+08:00,plc_server_2,device_004,0.0.0.0:1503,1,alarm,2,discrete,,0
2025-09-29T15:18:48.239099+08:00,plc_server_1,device_001,0.0.0.0:1502,1,alarm,2,discrete,,1
2025-09-29T15:18:53.238644+08:00,plc_server_1,device_001,0.0.0.0:1502,1,temperature,1,holding,,24
2025-09-29T15:18:53.238713+08:00,plc_server_2,device_005,0.0.0.0:1503,1,temperature,1,holding,,25
2025-09-29T15:18:53.23869+08:00,plc_server_2,device_004,0.0.0.0:1503,1,temperature,1,holding,,25
2025-09-29T15:18:53.238875+08:00,plc_server_1,device_001,0.0.0.0:1502,1,humidity,0,input,,57
2025-09-29T15:18:53.238909+08:00,plc_server_2,device_005,0.0.0.0:1503,1,humidity,0,input,,56
2025-09-29T15:18:53.238948+08:00,plc_server_2,device_004,0.0.0.0:1503,1,humidity,0,input,,56
2025-09-29T15:18:53.239054+08:00,plc_server_1,device_001,0.0.0.0:1502,1,pump,5,coil,,0
2025-09-29T15:18:53.239111+08:00,plc_server_2,device_004,0.0.0.0:1503,1,pump,5,coil,,1
2025-09-29T15:18:53.239111+08:00,plc_server_2,device_005,0.0.0.0:1503,1,pump,5,coil,,1
2025-09-29T15:18:53.2392+08:00,plc_server_1,device_001,0.0.0.0:1502,1,alarm,2,discrete,,0
2025-09-29T15:18:53.239231+08:00,plc_server_2,device_004,0.0.0.0:1503,1,alarm,2,discrete,,0
2025-09-29T15:18:53.239253+08:00,plc_server_2,device_005,0.0.0.0:1503,1,alarm,2,discrete,,0
2025-09-29T15:18:58.239006+08:00,plc_server_2,device_004,0.0.0.0:1503,1,temperature,1,holding,,22
2025-09-29T15:18:58.239025+08:00,plc_server_1,device_001,0.0.0.0:1502,1,temperature,1,holding,,25
2025-09-29T15:18:58.239049+08:00,plc_server_2,device_005,0.0.0.0:1503,1,temperature,1,holding,,22
2025-09-29T15:18:58.239175+08:00,plc_server_2,device_004,0.0.0.0:1503,1,humidity,0,input,,58
2025-09-29T15:18:58.239211+08:00,plc_server_2,device_005,0.0.0.0:1503,1,humidity,0,input,,58
2025-09-29T15:18:58.239208+08:00,plc_server_1,device_001,0.0.0.0:1502,1,humidity,0,input,,56
2025-09-29T15:18:58.239283+08:00,plc_server_2,device_004,0.0.0.0:1503,1,pump,5,coil,,1
2025-09-29T15:18:58.239309+08:00,plc_server_2,device_005,0.0.0.0:1503,1,pump,5,coil,,1
2025-09-29T15:18:58.239311+08:00,plc_server_1,device_001,0.0.0.0:1502,1,pump,5,coil,,1
2025-09-29T15:18:58.239396+08:00,plc_server_2,device_004,0.0.0.0:1503,1,alarm,2,discrete,,0
2025-09-29T15:18:58.239425+08:00,plc_server_2,device_005,0.0.0.0:1503,1,alarm,2,discrete,,0
2025-09-29T15:18:58.239436+08:00,plc_server_1,device_001,0.0.0.0:1502,1,alarm,2,discrete,,0
2025-09-29T15:19:03.239754+08:00,plc_server_1,device_001,0.0.0.0:1502,1,temperature,1,holding,,21
2025-09-29T15:19:03.239786+08:00,plc_server_2,device_005,0.0.0.0:1503,1,temperature,1,holding,,24
2025-09-29T15:19:03.239741+08:00,plc_server_2,device_004,0.0.0.0:1503,1,temperature,1,holding,,24
2025-09-29T15:19:03.239901+08:00,plc_server_1,device_001,0.0.0.0:1502,1,humidity,0,input,,55
2025-09-29T15:19:03.239933+08:00,plc_server_2,device_004,0.0.0.0:1503,1,humidity,0,input,,57
2025-09-29T15:19:03.239924+08:00,plc_server_2,device_005,0.0.0.0:1503,1,humidity,0,input,,57
2025-09-29T15:19:03.239986+08:00,plc_server_1,device_001,0.0.0.0:1502,1,pump,5,coil,,0
2025-09-29T15:19:03.24002+08:00,plc_server_2,device_004,0.0.0.0:1503,1,pump,5,coil,,0
2025-09-29T15:19:03.240047+08:00,plc_server_2,device_005,0.0.0.0:1503,1,pump,5,coil,,0
2025-09-29T15:19:03.240072+08:00,plc_server_1,device_001,0.0.0.0:1502,1,alarm,2,discrete,,0
2025-09-29T15:19:03.240113+08:00,plc_server_2,device_005,0.0.0.0:1503,1,alarm,2,discrete,,0
2025-09-29T15:19:03.240095+08:00,plc_server_2,device_004,0.0.0.0:1503,1,alarm,2,discrete,,0
2025-09-29T15:19:08.238964+08:00,plc_server_2,device_005,0.0.0.0:1503,1,temperature,1,holding,,25
2025-09-29T15:19:08.238941+08:00,plc_server_1,device_001,0.0.0.0:1502,1,temperature,1,holding,,22
2025-09-29T15:19:08.238927+08:00,plc_server_2,device_004,0.0.0.0:1503,1,temperature,1,holding,,25
2025-09-29T15:19:08.239083+08:00,plc_server_2,device_005,0.0.0.0:1503,1,humidity,0,input,,56
2025-09-29T15:19:08.239116+08:00,plc_server_2,device_004,0.0.0.0:1503,1,humidity,0,input,,56
2025-09-29T15:19:08.239104+08:00,plc_server_1,device_001,0.0.0.0:1502,1,humidity,0,input,,58
2025-09-29T15:19:08.239145+08:00,plc_server_2,device_005,0.0.0.0:1503,1,pump,5,coil,,1
2025-09-29T15:19:08.239196+08:00,plc_server_1,device_001,0.0.0.0:1502,1,pump,5,coil,,1
2025-09-29T15:19:08.239215+08:00,plc_server_2,device_005,0.0.0.0:1503,1,alarm,2,discrete,,0
2025-09-29T15:19:08.239174+08:00,plc_server_2,device_004,0.0.0.0:1503,1,pump,5,coil,,1
2025-09-29T15:19:08.23928+08:00,plc_server_1,device_001,0.0.0.0:1502,1,alarm,2,discrete,,0
2025-09-29T15:19:08.239309+08:00,plc_server_2,device_004,0.0.0.0:1503,1,alarm,2,discrete,,0
2025-09-29T15:19:13.239006+08:00,plc_server_1,device_001,0.0.0.0:1502,1,temperature,1,holding,,23
2025-09-29T15:19:13.239018+08:00,plc_server_2,device_004,0.0.0.0:1503,1,temperature,1,holding,,22
2025-09-29T15:19:13.238945+08:00,plc_server_2,device_005,0.0.0.0:1503,1,temperature,1,holding,,22
2025-09-29T15:19:13.239315+08:00,plc_server_1,device_001,0.0.0.0:1502,1,humidity,0,input,,60
2025-09-29T15:19:13.239351+08:00,plc_server_2,device_005,0.0.0.0:1503,1,humidity,0,input,,58
2025-09-29T15:19:13.239315+08:00,plc_server_2,device_004,0.0.0.0:1503,1,humidity,0,input,,58
2025-09-29T15:19:13.23951+08:00,plc_server_1,device_001,0.0.0.0:1502,1,pump,5,coil,,1
2025-09-29T15:19:13.239567+08:00,plc_server_2,device_005,0.0.0.0:1503,1,pump,5,coil,,1
2025-09-29T15:19:13.23957+08:00,plc_server_2,device_004,0.0.0.0:1503,1,pump,5,coil,,1
2025-09-29T15:19:13.239645+08:00,plc_server_1,device_001,0.0.0.0:1502,1,alarm,2,discrete,,1
2025-09-29T15:19:13.239698+08:00,plc_server_2,device_004,0.0.0.0:1503,1,alarm,2,discrete,,0
2025-09-29T15:19:13.239668+08:00,plc_server_2,device_005,0.0.0.0:1503,1,alarm,2,discrete,,0
2025-09-29T15:19:18.239666+08:00,plc_server_2,device_005,0.0.0.0:1503,1,temperature,1,holding,,24
2025-09-29T15:19:18.239631+08:00,plc_server_2,device_004,0.0.0.0:1503,1,temperature,1,holding,,24
2025-09-29T15:19:18.239605+08:00,plc_server_1,device_001,0.0.0.0:1502,1,temperature,1,holding,,24
2025-09-29T15:19:18.239845+08:00,plc_server_2,device_005,0.0.0.0:1503,1,humidity,0,input,,57
2025-09-29T15:19:18.239847+08:00,plc_server_2,device_004,0.0.0.0:1503,1,humidity,0,input,,57
2025-09-29T15:19:18.239848+08:00,plc_server_1,device_001,0.0.0.0:1502,1,humidity,0,input,,57
2025-09-29T15:19:18.240047+08:00,plc_server_2,device_004,0.0.0.0:1503,1,pump,5,coil,,0
2025-09-29T15:19:18.240039+08:00,plc_server_2,device_005,0.0.0.0:1503,1,pump,5,coil,,0
2025-09-29T15:19:18.240077+08:00,plc_server_1,device_001,0.0.0.0:1502,1,pump,5,coil,,0
2025-09-29T15:19:18.240201+08:00,plc_server_2,device_005,0.0.0.0:1503,1,alarm,2,discrete,,0
2025-09-29T15:19:18.240215+08:00,plc_server_1,device_001,0.0.0.0:1502,1,alarm,2,discrete,,0
2025-09-29T15:19:18.24019+08:00,plc_server_2,device_004,0.0.0.0:1503,1,alarm,2,discrete,,0
2025-09-29T15:19:23.239231+08:00,plc_server_2,device_005,0.0.0.0:1503,1,temperature,1,holding,,25
2025-09-29T15:19:23.239297+08:00,plc_server_2,device_004,0.0.0.0:1503,1,temperature,1,holding,,25
2025-09-29T15:19:23.239345+08:00,plc_server_1,device_001,0.0.0.0:1502,1,temperature,1,holding,,25
2025-09-29T15:19:23.239459+08:00,plc_server_2,device_004,0.0.0.0:1503,1,humidity,0,input,,56
2025-09-29T15:19:23.239435+08:00,plc_server_2,device_005,0.0.0.0:1503,1,humidity,0,input,,56
2025-09-29T15:19:23.239502+08:00,plc_server_1,device_001,0.0.0.0:1502,1,humidity,0,input,,56
2025-09-29T15:19:23.239629+08:00,plc_server_2,device_004,0.0.0.0:1503,1,pump,5,coil,,1
2025-09-29T15:19:23.239676+08:00,plc_server_1,device_001,0.0.0.0:1502,1,pump,5,coil,,1
2025-09-29T15:19:23.239671+08:00,plc_server_2,device_005,0.0.0.0:1503,1,pump,5,coil,,1
2025-09-29T15:19:23.239748+08:00,plc_server_2,device_004,0.0.0.0:1503,1,alarm,2,discrete,,0
2025-09-29T15:19:23.239812+08:00,plc_server_1,device_001,0.0.0.0:1502,1,alarm,2,discrete,,0
2025-09-29T15:19:23.239864+08:00,plc_server_2,device_005,0.0.0.0:1503,1,alarm,2,discrete,,0
2025-09-29T15:19:28.239373+08:00,plc_server_2,device_005,0.0.0.0:1503,1,temperature,1,holding,,22
2025-09-29T15:19:28.239344+08:00,plc_server_1,device_001,0.0.0.0:1502,1,temperature,1,holding,,21
2025-09-29T15:19:28.239398+08:00,plc_server_2,device_004,0.0.0.0:1503,1,temperature,1,holding,,22
2025-09-29T15:19:28.239585+08:00,plc_server_1,device_001,0.0.0.0:1502,1,humidity,0,input,,55
2025-09-29T15:19:28.239606+08:00,plc_server_2,device_004,0.0.0.0:1503,1,humidity,0,input,,58
2025-09-29T15:19:28.239582+08:00,plc_server_2,device_005,0.0.0.0:1503,1,humidity,0,input,,58
2025-09-29T15:19:28.239744+08:00,plc_server_2,device_004,0.0.0.0:1503,1,pump,5,coil,,1
2025-09-29T15:19:28.239755+08:00,plc_server_2,device_005,0.0.0.0:1503,1,pump,5,coil,,1
2025-09-29T15:19:28.239739+08:00,plc_server_1,device_001,0.0.0.0:1502,1,pump,5,coil,,0
2025-09-29T15:19:28.239876+08:00,plc_server_2,device_004,0.0.0.0:1503,1,alarm,2,discrete,,0
2025-09-29T15:19:28.239925+08:00,plc_server_2,device_005,0.0.0.0:1503,1,alarm,2,discrete,,0
2025-09-29T15:19:28.239946+08:00,plc_server_1,device_001,0.0.0.0:1502,1,alarm,2,discrete,,0
2025-09-29T15:19:33.239288+08:00,plc_server_1,device_001,0.0.0.0:1502,1,temperature,1,holding,,22
2025-09-29T15:19:33.239432+08:00,plc_server_2,device_005,0.0.0.0:1503,1,temperature,1,holding,,24
2025-09-29T15:19:33.239404+08:00,plc_server_2,device_004,0.0.0.0:1503,1,temperature,1,holding,,24
2025-09-29T15:19:33.239506+08:00,plc_server_1,device_001,0.0.0.0:1502,1,humidity,0,input,,58
2025-09-29T15:19:33.239613+08:00,plc_server_2,device_004,0.0.0.0:1503,1,humidity,0,input,,57
2025-09-29T15:19:33.239605+08:00,plc_server_2,device_005,0.0.0.0:1503,1,humidity,0,input,,57
2025-09-29T15:19:33.239672+08:00,plc_server_1,device_001,0.0.0.0:1502,1,pump,5,coil,,1
2025-09-29T15:19:33.239715+08:00,plc_server_2,device_004,0.0.0.0:1503,1,pump,5,coil,,0
2025-09-29T15:19:33.239731+08:00,plc_server_2,device_005,0.0.0.0:1503,1,pump,5,coil,,0
2025-09-29T15:19:33.239899+08:00,plc_server_1,device_001,0.0.0.0:1502,1,alarm,2,discrete,,0
2025-09-29T15:19:33.239948+08:00,plc_server_2,device_004,0.0.0.0:1503,1,alarm,2,discrete,,0
2025-09-29T15:19:33.239953+08:00,plc_server_2,device_005,0.0.0.0:1503,1,alarm,2,discrete,,0
2025-09-29T15:19:38.239518+08:00,plc_server_2,device_005,0.0.0.0:1503,1,temperature,1,holding,,25
2025-09-29T15:19:38.23962+08:00,plc_server_2,device_004,0.0.0.0:1503,1,temperature,1,holding,,25
2025-09-29T15:19:38.239581+08:00,plc_server_1,device_001,0.0.0.0:1502,1,temperature,1,holding,,23
2025-09-29T15:19:38.239719+08:00,plc_server_2,device_005,0.0.0.0:1503,1,humidity,0,input,,56
2025-09-29T15:19:38.239758+08:00,plc_server_2,device_004,0.0.0.0:1503,1,humidity,0,input,,56
2025-09-29T15:19:38.239767+08:00,plc_server_1,device_001,0.0.0.0:1502,1,humidity,0,input,,60
2025-09-29T15:19:38.239862+08:00,plc_server_2,device_005,0.0.0.0:1503,1,pump,5,coil,,1
2025-09-29T15:19:38.239897+08:00,plc_server_2,device_004,0.0.0.0:1503,1,pump,5,coil,,1
2025-09-29T15:19:38.239917+08:00,plc_server_1,device_001,0.0.0.0:1502,1,pump,5,coil,,1
2025-09-29T15:19:38.239995+08:00,plc_server_2,device_005,0.0.0.0:1503,1,alarm,2,discrete,,0
2025-09-29T15:19:38.240041+08:00,plc_server_1,device_001,0.0.0.0:1502,1,alarm,2,discrete,,1
2025-09-29T15:19:38.240017+08:00,plc_server_2,device_004,0.0.0.0:1503,1,alarm,2,discrete,,0
2025-09-29T15:19:43.239551+08:00,plc_server_2,device_005,0.0.0.0:1503,1,temperature,1,holding,,22
2025-09-29T15:19:43.239532+08:00,plc_server_2,device_004,0.0.0.0:1503,1,temperature,1,holding,,22
2025-09-29T15:19:43.23961+08:00,plc_server_1,device_001,0.0.0.0:1502,1,temperature,1,holding,,24
2025-09-29T15:19:43.239811+08:00,plc_server_2,device_004,0.0.0.0:1503,1,humidity,0,input,,58
2025-09-29T15:19:43.239835+08:00,plc_server_1,device_001,0.0.0.0:1502,1,humidity,0,input,,57
2025-09-29T15:19:43.239808+08:00,plc_server_2,device_005,0.0.0.0:1503,1,humidity,0,input,,58
2025-09-29T15:19:43.239996+08:00,plc_server_2,device_004,0.0.0.0:1503,1,pump,5,coil,,1
2025-09-29T15:19:43.240018+08:00,plc_server_2,device_005,0.0.0.0:1503,1,pump,5,coil,,1
2025-09-29T15:19:43.240098+08:00,plc_server_2,device_004,0.0.0.0:1503,1,alarm,2,discrete,,0
2025-09-29T15:19:43.239999+08:00,plc_server_1,device_001,0.0.0.0:1502,1,pump,5,coil,,0
2025-09-29T15:19:43.240193+08:00,plc_server_2,device_005,0.0.0.0:1503,1,alarm,2,discrete,,0
2025-09-29T15:19:43.240241+08:00,plc_server_1,device_001,0.0.0.0:1502,1,alarm,2,discrete,,0
2025-09-29T15:19:48.239864+08:00,plc_server_1,device_001,0.0.0.0:1502,1,temperature,1,holding,,25
2025-09-29T15:19:48.239924+08:00,plc_server_2,device_004,0.0.0.0:1503,1,temperature,1,holding,,24
2025-09-29T15:19:48.239889+08:00,plc_server_2,device_005,0.0.0.0:1503,1,temperature,1,holding,,24
2025-09-29T15:19:48.24008+08:00,plc_server_1,device_001,0.0.0.0:1502,1,humidity,0,input,,56
2025-09-29T15:19:48.240101+08:00,plc_server_2,device_004,0.0.0.0:1503,1,humidity,0,input,,57
2025-09-29T15:19:48.240106+08:00,plc_server_2,device_005,0.0.0.0:1503,1,humidity,0,input,,57
2025-09-29T15:19:48.240233+08:00,plc_server_1,device_001,0.0.0.0:1502,1,pump,5,coil,,1
2025-09-29T15:19:48.240281+08:00,plc_server_2,device_005,0.0.0.0:1503,1,pump,5,coil,,0
2025-09-29T15:19:48.240276+08:00,plc_server_2,device_004,0.0.0.0:1503,1,pump,5,coil,,0
2025-09-29T15:19:48.240378+08:00,plc_server_1,device_001,0.0.0.0:1502,1,alarm,2,discrete,,0
2025-09-29T15:19:48.240408+08:00,plc_server_2,device_005,0.0.0.0:1503,1,alarm,2,discrete,,0
2025-09-29T15:19:48.240409+08:00,plc_server_2,device_004,0.0.0.0:1503,1,alarm,2,discrete,,0
2025-09-29T15:19:53.239729+08:00,plc_server_2,device_004,0.0.0.0:1503,1,temperature,1,holding,,25
2025-09-29T15:19:53.239754+08:00,plc_server_2,device_005,0.0.0.0:1503,1,temperature,1,holding,,25
2025-09-29T15:19:53.239704+08:00,plc_server_1,device_001,0.0.0.0:1502,1,temperature,1,holding,,21
2025-09-29T15:19:53.239942+08:00,plc_server_1,device_001,0.0.0.0:1502,1,humidity,0,input,,55
2025-09-29T15:19:53.239932+08:00,plc_server_2,device_005,0.0.0.0:1503,1,humidity,0,input,,56
2025-09-29T15:19:53.23993+08:00,plc_server_2,device_004,0.0.0.0:1503,1,humidity,0,input,,56
2025-09-29T15:19:53.240076+08:00,plc_server_1,device_001,0.0.0.0:1502,1,pump,5,coil,,0
2025-09-29T15:19:53.240101+08:00,plc_server_2,device_005,0.0.0.0:1503,1,pump,5,coil,,1
2025-09-29T15:19:53.240114+08:00,plc_server_2,device_004,0.0.0.0:1503,1,pump,5,coil,,1
2025-09-29T15:19:53.240206+08:00,plc_server_1,device_001,0.0.0.0:1502,1,alarm,2,discrete,,0
2025-09-29T15:19:53.240221+08:00,plc_server_2,device_005,0.0.0.0:1503,1,alarm,2,discrete,,0
2025-09-29T15:19:53.240232+08:00,plc_server_2,device_004,0.0.0.0:1503,1,alarm,2,discrete,,0
2025-09-29T15:19:58.240645+08:00,plc_server_1,device_001,0.0.0.0:1502,1,temperature,1,holding,,22
2025-09-29T15:19:58.24067+08:00,plc_server_2,device_005,0.0.0.0:1503,1,temperature,1,holding,,22
2025-09-29T15:19:58.240696+08:00,plc_server_2,device_004,0.0.0.0:1503,1,temperature,1,holding,,22
2025-09-29T15:19:58.240897+08:00,plc_server_2,device_004,0.0.0.0:1503,1,humidity,0,input,,58
2025-09-29T15:19:58.240885+08:00,plc_server_1,device_001,0.0.0.0:1502,1,humidity,0,input,,58
2025-09-29T15:19:58.240895+08:00,plc_server_2,device_005,0.0.0.0:1503,1,humidity,0,input,,58
2025-09-29T15:19:58.241044+08:00,plc_server_1,device_001,0.0.0.0:1502,1,pump,5,coil,,1
2025-09-29T15:19:58.241039+08:00,plc_server_2,device_004,0.0.0.0:1503,1,pump,5,coil,,1
2025-09-29T15:19:58.241054+08:00,plc_server_2,device_005,0.0.0.0:1503,1,pump,5,coil,,1
2025-09-29T15:19:58.241226+08:00,plc_server_2,device_004,0.0.0.0:1503,1,alarm,2,discrete,,0
2025-09-29T15:19:58.241241+08:00,plc_server_2,device_005,0.0.0.0:1503,1,alarm,2,discrete,,0
2025-09-29T15:19:58.241211+08:00,plc_server_1,device_001,0.0.0.0:1502,1,alarm,2,discrete,,0
2025-09-29T15:20:03.2398+08:00,plc_server_2,device_005,0.0.0.0:1503,1,temperature,1,holding,,24
2025-09-29T15:20:03.239779+08:00,plc_server_1,device_001,0.0.0.0:1502,1,temperature,1,holding,,23
2025-09-29T15:20:03.239758+08:00,plc_server_2,device_004,0.0.0.0:1503,1,temperature,1,holding,,24
2025-09-29T15:20:03.239957+08:00,plc_server_1,device_001,0.0.0.0:1502,1,humidity,0,input,,60
2025-09-29T15:20:03.239955+08:00,plc_server_2,device_005,0.0.0.0:1503,1,humidity,0,input,,57
2025-09-29T15:20:03.239965+08:00,plc_server_2,device_004,0.0.0.0:1503,1,humidity,0,input,,57
2025-09-29T15:20:03.240069+08:00,plc_server_1,device_001,0.0.0.0:1502,1,pump,5,coil,,1
2025-09-29T15:20:03.240096+08:00,plc_server_2,device_005,0.0.0.0:1503,1,pump,5,coil,,0
2025-09-29T15:20:03.240112+08:00,plc_server_2,device_004,0.0.0.0:1503,1,pump,5,coil,,0
2025-09-29T15:20:03.240181+08:00,plc_server_2,device_005,0.0.0.0:1503,1,alarm,2,discrete,,0
2025-09-29T15:20:03.240178+08:00,plc_server_1,device_001,0.0.0.0:1502,1,alarm,2,discrete,,1
2025-09-29T15:20:03.240245+08:00,plc_server_2,device_004,0.0.0.0:1503,1,alarm,2,discrete,,0
2025-09-29T15:20:08.239955+08:00,plc_server_2,device_004,0.0.0.0:1503,1,temperature,1,holding,,25
2025-09-29T15:20:08.239988+08:00,plc_server_1,device_001,0.0.0.0:1502,1,temperature,1,holding,,24
2025-09-29T15:20:08.240004+08:00,plc_server_2,device_005,0.0.0.0:1503,1,temperature,1,holding,,25
2025-09-29T15:20:08.240139+08:00,plc_server_2,device_004,0.0.0.0:1503,1,humidity,0,input,,56
2025-09-29T15:20:08.240152+08:00,plc_server_2,device_005,0.0.0.0:1503,1,humidity,0,input,,56
2025-09-29T15:20:08.240151+08:00,plc_server_1,device_001,0.0.0.0:1502,1,humidity,0,input,,57
2025-09-29T15:20:08.240234+08:00,plc_server_2,device_005,0.0.0.0:1503,1,pump,5,coil,,1
2025-09-29T15:20:08.240234+08:00,plc_server_2,device_004,0.0.0.0:1503,1,pump,5,coil,,1
2025-09-29T15:20:08.240251+08:00,plc_server_1,device_001,0.0.0.0:1502,1,pump,5,coil,,0
2025-09-29T15:20:08.240321+08:00,plc_server_2,device_005,0.0.0.0:1503,1,alarm,2,discrete,,0
2025-09-29T15:20:08.240354+08:00,plc_server_1,device_001,0.0.0.0:1502,1,alarm,2,discrete,,0
2025-09-29T15:20:08.24034+08:00,plc_server_2,device_004,0.0.0.0:1503,1,alarm,2,discrete,,0
2025-09-29T15:20:13.239998+08:00,plc_server_2,device_004,0.0.0.0:1503,1,temperature,1,holding,,22
2025-09-29T15:20:13.239985+08:00,plc_server_1,device_001,0.0.0.0:1502,1,temperature,1,holding,,25
2025-09-29T15:20:13.240053+08:00,plc_server_2,device_005,0.0.0.0:1503,1,temperature,1,holding,,22
2025-09-29T15:20:13.240189+08:00,plc_server_2,device_004,0.0.0.0:1503,1,humidity,0,input,,58
2025-09-29T15:20:13.240258+08:00,plc_server_2,device_005,0.0.0.0:1503,1,humidity,0,input,,58
2025-09-29T15:20:13.240247+08:00,plc_server_1,device_001,0.0.0.0:1502,1,humidity,0,input,,56
2025-09-29T15:20:13.240307+08:00,plc_server_2,device_004,0.0.0.0:1503,1,pump,5,coil,,1
2025-09-29T15:20:13.240357+08:00,plc_server_2,device_005,0.0.0.0:1503,1,pump,5,coil,,1
2025-09-29T15:20:13.240367+08:00,plc_server_1,device_001,0.0.0.0:1502,1,pump,5,coil,,1
2025-09-29T15:20:13.240407+08:00,plc_server_2,device_004,0.0.0.0:1503,1,alarm,2,discrete,,0
2025-09-29T15:20:13.240461+08:00,plc_server_2,device_005,0.0.0.0:1503,1,alarm,2,discrete,,0
2025-09-29T15:20:13.240479+08:00,plc_server_1,device_001,0.0.0.0:1502,1,alarm,2,discrete,,0
2025-09-29T15:20:18.240161+08:00,plc_server_2,device_005,0.0.0.0:1503,1,temperature,1,holding,,24
2025-09-29T15:20:18.240196+08:00,plc_server_1,device_001,0.0.0.0:1502,1,temperature,1,holding,,21
2025-09-29T15:20:18.240224+08:00,plc_server_2,device_004,0.0.0.0:1503,1,temperature,1,holding,,24
2025-09-29T15:20:18.240381+08:00,plc_server_2,device_005,0.0.0.0:1503,1,humidity,0,input,,57
2025-09-29T15:20:18.240425+08:00,plc_server_1,device_001,0.0.0.0:1502,1,humidity,0,input,,55
2025-09-29T15:20:18.240428+08:00,plc_server_2,device_004,0.0.0.0:1503,1,humidity,0,input,,57
2025-09-29T15:20:18.240507+08:00,plc_server_2,device_005,0.0.0.0:1503,1,pump,5,coil,,0
2025-09-29T15:20:18.240545+08:00,plc_server_1,device_001,0.0.0.0:1502,1,pump,5,coil,,0
2025-09-29T15:20:18.240572+08:00,plc_server_2,device_004,0.0.0.0:1503,1,pump,5,coil,,0
2025-09-29T15:20:18.240647+08:00,plc_server_1,device_001,0.0.0.0:1502,1,alarm,2,discrete,,0
2025-09-29T15:20:18.240587+08:00,plc_server_2,device_005,0.0.0.0:1503,1,alarm,2,discrete,,0
2025-09-29T15:20:18.240749+08:00,plc_server_2,device_004,0.0.0.0:1503,1,alarm,2,discrete,,0
2025-09-29T15:20:23.240504+08:00,plc_server_1,device_001,0.0.0.0:1502,1,temperature,1,holding,,22
2025-09-29T15:20:23.240473+08:00,plc_server_2,device_004,0.0.0.0:1503,1,temperature,1,holding,,25
2025-09-29T15:20:23.240488+08:00,plc_server_2,device_005,0.0.0.0:1503,1,temperature,1,holding,,25
2025-09-29T15:20:23.240655+08:00,plc_server_1,device_001,0.0.0.0:1502,1,humidity,0,input,,58
2025-09-29T15:20:23.240664+08:00,plc_server_2,device_005,0.0.0.0:1503,1,humidity,0,input,,56
2025-09-29T15:20:23.240663+08:00,plc_server_2,device_004,0.0.0.0:1503,1,humidity,0,input,,56
2025-09-29T15:20:23.240758+08:00,plc_server_1,device_001,0.0.0.0:1502,1,pump,5,coil,,1
2025-09-29T15:20:23.240791+08:00,plc_server_2,device_005,0.0.0.0:1503,1,pump,5,coil,,1
2025-09-29T15:20:23.240804+08:00,plc_server_2,device_004,0.0.0.0:1503,1,pump,5,coil,,1
2025-09-29T15:20:23.240904+08:00,plc_server_1,device_001,0.0.0.0:1502,1,alarm,2,discrete,,0
2025-09-29T15:20:23.240954+08:00,plc_server_2,device_004,0.0.0.0:1503,1,alarm,2,discrete,,0
2025-09-29T15:20:23.240928+08:00,plc_server_2,device_005,0.0.0.0:1503,1,alarm,2,discrete,,0
2025-09-29T15:20:28.240592+08:00,plc_server_1,device_001,0.0.0.0:1502,1,temperature,1,holding,,23
2025-09-29T15:20:28.240619+08:00,plc_server_2,device_004,0.0.0.0:1503,1,temperature,1,holding,,22
2025-09-29T15:20:28.240667+08:00,plc_server_2,device_005,0.0.0.0:1503,1,temperature,1,holding,,22
2025-09-29T15:20:28.240749+08:00,plc_server_1,device_001,0.0.0.0:1502,1,humidity,0,input,,60
2025-09-29T15:20:28.240793+08:00,plc_server_2,device_005,0.0.0.0:1503,1,humidity,0,input,,58
2025-09-29T15:20:28.240856+08:00,plc_server_1,device_001,0.0.0.0:1502,1,pump,5,coil,,1
2025-09-29T15:20:28.240764+08:00,plc_server_2,device_004,0.0.0.0:1503,1,humidity,0,input,,58
2025-09-29T15:20:28.240911+08:00,plc_server_2,device_005,0.0.0.0:1503,1,pump,5,coil,,1
2025-09-29T15:20:28.240933+08:00,plc_server_1,device_001,0.0.0.0:1502,1,alarm,2,discrete,,1
2025-09-29T15:20:28.240955+08:00,plc_server_2,device_004,0.0.0.0:1503,1,pump,5,coil,,1
2025-09-29T15:20:28.241024+08:00,plc_server_2,device_005,0.0.0.0:1503,1,alarm,2,discrete,,0
2025-09-29T15:20:28.241061+08:00,plc_server_2,device_004,0.0.0.0:1503,1,alarm,2,discrete,,0
2025-09-29T15:20:33.241238+08:00,plc_server_1,device_001,0.0.0.0:1502,1,temperature,1,holding,,24
2025-09-29T15:20:33.241263+08:00,plc_server_2,device_004,0.0.0.0:1503,1,temperature,1,holding,,24
2025-09-29T15:20:33.241266+08:00,plc_server_2,device_005,0.0.0.0:1503,1,temperature,1,holding,,24
2025-09-29T15:20:33.241443+08:00,plc_server_1,device_001,0.0.0.0:1502,1,humidity,0,input,,57
2025-09-29T15:20:33.241461+08:00,plc_server_2,device_004,0.0.0.0:1503,1,humidity,0,input,,57
2025-09-29T15:20:33.241506+08:00,plc_server_2,device_005,0.0.0.0:1503,1,humidity,0,input,,57
2025-09-29T15:20:33.241533+08:00,plc_server_1,device_001,0.0.0.0:1502,1,pump,5,coil,,0
2025-09-29T15:20:33.241564+08:00,plc_server_2,device_004,0.0.0.0:1503,1,pump,5,coil,,0
2025-09-29T15:20:33.241623+08:00,plc_server_2,device_005,0.0.0.0:1503,1,pump,5,coil,,0
2025-09-29T15:20:33.241651+08:00,plc_server_1,device_001,0.0.0.0:1502,1,alarm,2,discrete,,0
2025-09-29T15:20:33.241667+08:00,plc_server_2,device_004,0.0.0.0:1503,1,alarm,2,discrete,,0
2025-09-29T15:20:33.241723+08:00,plc_server_2,device_005,0.0.0.0:1503,1,alarm,2,discrete,,0
2025-09-29T15:20:38.241262+08:00,plc_server_1,device_001,0.0.0.0:1502,1,temperature,1,holding,,25
2025-09-29T15:20:38.241319+08:00,plc_server_2,device_004,0.0.0.0:1503,1,temperature,1,holding,,25
2025-09-29T15:20:38.241317+08:00,plc_server_2,device_005,0.0.0.0:1503,1,temperature,1,holding,,25
2025-09-29T15:20:38.241467+08:00,plc_server_1,device_001,0.0.0.0:1502,1,humidity,0,input,,56
2025-09-29T15:20:38.241515+08:00,plc_server_2,device_004,0.0.0.0:1503,1,humidity,0,input,,56
2025-09-29T15:20:38.241552+08:00,plc_server_2,device_005,0.0.0.0:1503,1,humidity,0,input,,56
2025-09-29T15:20:38.241627+08:00,plc_server_1,device_001,0.0.0.0:1502,1,pump,5,coil,,1
2025-09-29T15:20:38.241656+08:00,plc_server_2,device_004,0.0.0.0:1503,1,pump,5,coil,,1
2025-09-29T15:20:38.241688+08:00,plc_server_2,device_005,0.0.0.0:1503,1,pump,5,coil,,1
2025-09-29T15:20:38.241773+08:00,plc_server_2,device_004,0.0.0.0:1503,1,alarm,2,discrete,,0
2025-09-29T15:20:38.241788+08:00,plc_server_2,device_005,0.0.0.0:1503,1,alarm,2,discrete,,0
2025-09-29T15:20:38.24175+08:00,plc_server_1,device_001,0.0.0.0:1502,1,alarm,2,discrete,,0
2025-09-29T15:20:43.240418+08:00,plc_server_2,device_004,0.0.0.0:1503,1,temperature,1,holding,,22
2025-09-29T15:20:43.240492+08:00,plc_server_2,device_005,0.0.0.0:1503,1,temperature,1,holding,,22
2025-09-29T15:20:43.240485+08:00,plc_server_1,device_001,0.0.0.0:1502,1,temperature,1,holding,,21
2025-09-29T15:20:43.240555+08:00,plc_server_2,device_004,0.0.0.0:1503,1,humidity,0,input,,58
2025-09-29T15:20:43.240609+08:00,plc_server_2,device_005,0.0.0.0:1503,1,humidity,0,input,,58
2025-09-29T15:20:43.240644+08:00,plc_server_1,device_001,0.0.0.0:1502,1,humidity,0,input,,55
2025-09-29T15:20:43.240697+08:00,plc_server_2,device_004,0.0.0.0:1503,1,pump,5,coil,,1
2025-09-29T15:20:43.240719+08:00,plc_server_2,device_005,0.0.0.0:1503,1,pump,5,coil,,1
2025-09-29T15:20:43.240749+08:00,plc_server_2,device_004,0.0.0.0:1503,1,alarm,2,discrete,,0
2025-09-29T15:20:43.240739+08:00,plc_server_1,device_001,0.0.0.0:1502,1,pump,5,coil,,0
2025-09-29T15:20:43.240798+08:00,plc_server_2,device_005,0.0.0.0:1503,1,alarm,2,discrete,,0
2025-09-29T15:20:43.24085+08:00,plc_server_1,device_001,0.0.0.0:1502,1,alarm,2,discrete,,0
